[
  {
    "name": "Production",
    "slug": "prod",
    "description": "Production environment networks",
    "weight": 10
  },
  {
    "name": "Homologation",
    "slug": "hml",
    "description": "Homologation environment networks",
    "weight": 20
  },
  {
    "name": "UAT",
    "slug": "uat",
    "description": "User Acceptance Testing environment networks",
    "weight": 30
  },
  {
    "name": "Development",
    "slug": "dev",
    "description": "Development environment networks",
    "weight": 40
  },
  {
    "name": "ExpressRoute",
    "slug": "expressroute",
    "description": "ExpressRoute circuits and peering",
    "weight": 50
  },
  {
    "name": "BGP Public",
    "slug": "sgna",
    "description": "BGP routable public IP ranges",
    "weight": 60
  },
  {
    "name": "RFC1918 Private",
    "slug": "rfc1918",
    "description": "Private RFC1918 networks",
    "weight": 70
  },
  {
    "name": "RFC6598 Shared",
    "slug": "rfc6598",
    "description": "Shared RFC6598 networks",
    "weight": 75
  },  
  {
    "name": "Management",
    "slug": "mgmt",
    "description": "Management and monitoring networks",
    "weight": 80
  },
  {
    "name": "Transit",
    "slug": "transit",
    "description": "Transit and interconnection networks",
    "weight": 90
  },
  {
    "name": "Reserved",
    "slug": "reserved",
    "description": "Reserved IP ranges",
    "weight": 100
  }
]