[
  {
    "name": "AFRINIC",
    "slug": "afrinic",
    "is_private": "False",
    "description": "African Network Information Centre"
  },
  {
    "name": "APNIC",
    "slug": "apnic",
    "is_private": "False",
    "description": "Asia Pacific Network Information Centre"
  },
  {
    "name": "ARIN",
    "slug": "arin",
    "is_private": "False",
    "description": "American Registry for Internet Numbers"
  },
  {
    "name": "LACNIC",
    "slug": "lacnic",
    "is_private": "False",
    "description": "Latin America and Caribbean Network Information Centre"
  },
  {
    "name": "RFC 6598",
    "slug": "rfc6598",
    "is_private": "True",
    "description": "Shared address space for Carrier-Grade NAT"
  },
  {
    "name": "RFC 6996",
    "slug": "rfc6996",
    "is_private": "True",
    "description": "Reserved for future use"
  },
  {
    "name": "RFC 1918",
    "slug": "rfc1918",
    "is_private": "True",
    "description": "Private IP address"
  },
  {
    "name": "Microsoft Azure",
    "slug": "azure",
    "is_private": "False",
    "description": "Microsoft Azure public IP ranges"
  },
  {
    "name": "Amazon AWS",
    "slug": "aws",
    "is_private": "False",
    "description": "Amazone AWS public IP ranges"
  },
  {
    "name": "BGP Public",
    "slug": "sgna",
    "is_private": "False",
    "description": "BGP routable public IP ranges"
  }
]