[

  {
    "name": "North Europe",
    "slug": "northeurope",
    "description": "Azure North Europe (Ireland)",
    "parent": "europe"
  },
  {
    "name": "West Europe",
    "slug": "westeurope",
    "description": "Azure West Europe (Netherlands)",
    "parent": "europe"
  },
  {
    "name": "France Central",
    "slug": "francecentral",
    "description": "Azure France Central (Paris)",
    "parent": "europe"
  },
  {
    "name": "xOn-Premise",
    "slug": "xonpremise",
    "description": "On-premise infrastructure",
    "parent": "europe"

  }
]