[
  {
    "name": "Azure-northeurope",
    "slug": "northeurope",
    "status": "active",
    "region": "northeurope",
    "tenant": "infra",
    "facility": "Azure-Dublin",
    "description": "Azure North Europe region",
    "physical_address": "Dublin Ireland",
    "comments": "Hub principal Azure"
  },
  {
    "name": "Azure-westeurope",
    "slug": "westeurope",
    "status": "active",
    "region": "westeurope",
    "tenant": "infra",
    "facility": "Azure-Amsterdam",
    "description": "Azure West Europe region",
    "physical_address": "Amsterdam Netherlands",
    "comments": "Hub backup Azure"
  },
  {
    "name": "Azure-francecentral",
    "slug": "francecentral",
    "status": "active",
    "region": "francecentral",
    "tenant": "infra",
    "facility": "Azure-Paris",
    "description": "Azure France Central region",
    "physical_address": "Paris France",
    "comments": "Hub local Azure"
  }
]