[
  {
    "prefix": "10.0.0.0/8",
    "rir": 7,
    "description": "RFC1918 Class A private network"
  },
  {
    "prefix": "172.16.0.0/12",
    "rir": 7,
    "description": "RFC1918 Class B private network"
  },
  {
    "prefix": "192.168.0.0/16",
    "rir": 7,
    "description": "RFC1918 Class C private network"
  },
  {
    "prefix": "203.0.113.0/24",
    "rir": 10,
    "description": "BGP routable public IPs - Example range"
  },
  {
    "prefix": "198.51.100.0/24",
    "rir": 10,
    "description": "BGP routable public IPs - Example range"
  },
  {
    "prefix": "192.212.0.0/16",
    "rir": 10,
    "description": "BGP routable public IPs - Example range"
  },
  {
    "prefix": "100.64.0.0/10",
    "rir": 5,
    "description": "Carrier-grade NAT (CGN) - Azure private peering"
  }
]
