name,slug,description,weight
Production,prod,Production environment networks,10
Homologation,hml,Homologation environment networks,20
UAT,uat,User Acceptance Testing environment networks,30
Development,dev,Development environment networks,40
ExpressRoute,expressroute,ExpressRoute circuits and peering,50
BGP Public,bgp-public,BGP routable public IP ranges,60
RFC1918 Private,rfc1918,Private RFC1918 networks,70
Management,mgmt,Management and monitoring networks,80
Transit,transit,Transit and interconnection networks,90
Reserved,reserved,Reserved IP ranges,100