circuit_id,provider,type,status,tenant,bandwidth,region,description,termination_a,termination_z,comments
ER-NE-001,Orange Business,ExpressRoute,active,expressroute,1000,northeurope,ExpressRoute North Europe - Primary,Dublin DC,Azure North Europe,Circuit principal pour NE
ER-NE-002,Orange Business,ExpressRoute,active,expressroute,500,northeurope,ExpressRoute North Europe - Backup,Dublin DC,Azure North Europe,Circuit backup pour NE
ER-WE-001,Orange Business,ExpressRoute,active,expressroute,1000,westeurope,ExpressRoute West Europe - Primary,Amsterdam DC,Azure West Europe,Circuit principal pour WE
ER-WE-002,Orange Business,ExpressRoute,active,expressroute,500,westeurope,ExpressRoute West Europe - Backup,Amsterdam DC,Azure West Europe,Circuit backup pour WE
ER-FC-001,Orange Business,ExpressRoute,active,expressroute,1000,francecentral,ExpressRoute France Central - Primary,Paris DC,Azure France Central,Circuit principal pour FC
ER-FC-002,Orange Business,ExpressRoute,active,expressroute,500,francecentral,ExpressRoute France Central - Backup,Paris DC,Azure France Central,Circuit backup pour FC
ER-HUB-001,Orange Business,ExpressRoute,active,expressroute,2000,northeurope,ExpressRoute Hub Primary,Paris HQ,Azure North Europe Hub,Circuit principal hub
ER-HUB-002,Orange Business,ExpressRoute,active,expressroute,2000,westeurope,ExpressRoute Hub Backup,Paris HQ,Azure West Europe Hub,Circuit backup hub