Nom,Privé,Agrégats,Description,IDENTIFIANT,Slug,Étiquettes,Créé,Dernière mise à jour
AFRINIC,False,0,African Network Information Centre,5,afrinic,,2020-12-19T00:00:00+00:00,2020-12-19T02:04:34.135000+00:00
APNIC,False,0,Asia Pacific Network Information Centre,3,apnic,,2020-12-19T00:00:00+00:00,2020-12-19T02:04:34.095000+00:00
ARIN,False,0,American Registry for Internet Numbers,1,arin,,2020-12-19T00:00:00+00:00,2020-12-19T02:04:34.029000+00:00
LACNIC,False,0,Latin America and Caribbean Network Information Centre,4,lacnic,,2020-12-19T00:00:00+00:00,2020-12-19T02:04:34.115000+00:00
RFC 1918,True,3,,6,rfc-1918,,2020-12-19T00:00:00+00:00,2020-12-19T02:06:05.677000+00:00
RFC 6598,True,1,,7,rfc-6598,,2020-12-19T00:00:00+00:00,2020-12-19T02:09:56.683000+00:00
RFC 6996,True,0,,8,rfc-6996,,2021-12-30T00:00:00+00:00,2021-12-30T16:40:16.192000+00:00
RIPE NCC,False,0,Réseaux IP Européens Network Coordination Centre,2,ripe-ncc,,2020-12-19T00:00:00+00:00,2020-12-19T02:04:34.072000+00:00
