Nom,Préfixes,Plages d'adresses IP,VLAN,Description,IDENTIFIANT,Slug,Poids,Étiquettes,Créé,Dernière mise à jour
Access - Data,13,0,13,,1,access-data,1000,,2020-12-30T00:00:00+00:00,2020-12-30T19:47:11.900000+00:00
Access - Voice,13,0,13,,2,access-voice,1000,,2020-12-30T00:00:00+00:00,2020-12-30T19:47:17.021000+00:00
Access - Wireless,13,0,13,,3,access-wireless,1000,,2020-12-30T00:00:00+00:00,2020-12-30T20:03:42.725000+00:00
Management,13,0,0,,4,management,1000,,2020-12-30T00:00:00+00:00,2020-12-30T20:12:19.612000+00:00
Testing,0,0,0,,5,testing,1000,,2021-12-30T00:00:00+00:00,2021-12-30T16:35:29.395000+00:00
